date,section,ticker
2026-10-09,pullback,STX
2026-10-09,pullback,MU
2026-10-09,pullback,TER
2026-10-09,pullback,ASML
2026-10-09,pullback,LRCX
2026-10-09,pullback,AMAT
2026-10-09,pullback,ALAB
2026-10-09,pullback,DAVE
2026-10-09,pullback,VICR
2026-10-09,pullback,CAT
2026-10-09,pullback,JBL
2026-10-09,pullback,DOCN
2026-10-09,pullback,HCC
2026-10-09,pullback,INDV
2026-10-09,pullback,MSEX
2026-10-09,pullback,ACLS
2026-10-09,pullback,EW
2026-10-09,pullback,NOVT
2026-10-09,pullback,DE
2026-10-09,top,NVDA
2026-10-09,top,WDC
2026-10-09,top,PLTR
2026-10-09,top,SNDK
2026-10-09,top,LLY
2026-10-09,top,RDDT
2026-10-09,top,HALO
2026-10-09,top,ANET
2026-10-09,emerging,GKOS
2026-10-09,emerging,COHU
2026-10-09,emerging,VIAV
2026-10-09,emerging,MXL
2026-10-09,emerging,TALO
