ticker,name,sector,industry,in_sp500,in_ndx
A,Agilent Technologies,Health Care,Life Sciences Tools & Services,True,False
AAPL,Apple Inc.,Information Technology,"Technology Hardware, Storage & Peripherals",True,True
ABBV,AbbVie,Health Care,Biotechnology,True,False
ABNB,Airbnb,Consumer Discretionary,"Hotels, Resorts & Cruise Lines",True,True
ABT,Abbott Laboratories,Health Care,Health Care Equipment,True,False
ACGL,Arch Capital Group,Financials,Property & Casualty Insurance,True,False
ACN,Accenture,Information Technology,IT Consulting & Other Services,True,False
ADBE,Adobe Inc.,Information Technology,Application Software,True,True
ADI,Analog Devices,Information Technology,Semiconductors,True,True
ADM,Archer Daniels Midland,Consumer Staples,Agricultural Products & Services,True,False
ADP,Automatic Data Processing,Industrials,Human Resource & Employment Services,True,True
ADSK,Autodesk,Information Technology,Application Software,True,True
AEE,Ameren,Utilities,Multi-Utilities,True,False
AEP,American Electric Power,Utilities,Electric Utilities,True,True
AES,AES Corporation,Utilities,Independent Power Producers & Energy Traders,True,False
AFL,Aflac,Financials,Life & Health Insurance,True,False
AIG,American International Group,Financials,Multi-line Insurance,True,False
AIZ,Assurant,Financials,Multi-line Insurance,True,False
AJG,Arthur J. Gallagher & Co.,Financials,Insurance Brokers,True,False
AKAM,Akamai Technologies,Information Technology,Internet Services & Infrastructure,True,False
ALAB,Astera Labs,,,False,True
ALB,Albemarle Corporation,Materials,Specialty Chemicals,True,False
ALGN,Align Technology,Health Care,Health Care Supplies,True,False
ALL,Allstate,Financials,Property & Casualty Insurance,True,False
ALLE,Allegion,Industrials,Building Products,True,False
ALNY,Alnylam Pharmaceuticals,,,False,True
AMAT,Applied Materials,Information Technology,Semiconductor Materials & Equipment,True,True
AMCR,Amcor,Materials,Paper & Plastic Packaging Products & Materials,True,False
AMD,Advanced Micro Devices,Information Technology,Semiconductors,True,True
AME,Ametek,Industrials,Electrical Components & Equipment,True,False
AMGN,Amgen,Health Care,Biotechnology,True,True
AMP,Ameriprise Financial,Financials,Asset Management & Custody Banks,True,False
AMT,American Tower,Real Estate,Telecom Tower REITs,True,False
AMZN,Amazon,Consumer Discretionary,Broadline Retail,True,True
ANET,Arista Networks,Information Technology,Communications Equipment,True,False
AON,Aon plc,Financials,Insurance Brokers,True,False
AOS,A. O. Smith,Industrials,Building Products,True,False
APA,APA Corporation,Energy,Oil & Gas Exploration & Production,True,False
APD,Air Products,Materials,Industrial Gases,True,False
APH,Amphenol,Information Technology,Electronic Components,True,False
APO,Apollo Global Management,Financials,Asset Management & Custody Banks,True,False
APP,AppLovin,Communication Services,Advertising,True,True
APTV,Aptiv,Consumer Discretionary,Automotive Parts & Equipment,True,False
ARE,Alexandria Real Estate Equities,Real Estate,Office REITs,True,False
ARES,Ares Management,Financials,Asset Management & Custody Banks,True,False
ARM,Arm Holdings,,,False,True
ASML,ASML Holding,,,False,True
ATO,Atmos Energy,Utilities,Gas Utilities,True,False
AVGO,Broadcom,Information Technology,Semiconductors,True,True
AVY,Avery Dennison,Materials,Paper & Plastic Packaging Products & Materials,True,False
AWK,American Water Works,Utilities,Water Utilities,True,False
AXON,Axon Enterprise,Industrials,Aerospace & Defense,True,True
AXP,American Express,Financials,Consumer Finance,True,False
AZO,AutoZone,Consumer Discretionary,Automotive Retail,True,False
BA,Boeing,Industrials,Aerospace & Defense,True,False
BAC,Bank of America,Financials,Diversified Banks,True,False
BALL,Ball Corporation,Materials,"Metal, Glass & Plastic Containers",True,False
BAX,Baxter International,Health Care,Health Care Equipment,True,False
BBY,Best Buy,Consumer Discretionary,Computer & Electronics Retail,True,False
BDX,Becton Dickinson,Health Care,Health Care Equipment,True,False
BE,Bloom Energy,Industrials,Electrical Components & Equipment,True,False
BEN,Franklin Resources,Financials,Asset Management & Custody Banks,True,False
BF-B,Brown–Forman,Consumer Staples,Distillers & Vintners,True,False
BG,Bunge Global,Consumer Staples,Agricultural Products & Services,True,False
BIIB,Biogen,Health Care,Biotechnology,True,False
BKNG,Booking Holdings,Consumer Discretionary,"Hotels, Resorts & Cruise Lines",True,True
BKR,Baker Hughes,Energy,Oil & Gas Equipment & Services,True,True
BLK,BlackRock,Financials,Asset Management & Custody Banks,True,False
BMY,Bristol Myers Squibb,Health Care,Pharmaceuticals,True,False
BNY,BNY Mellon,Financials,Asset Management & Custody Banks,True,False
BR,Broadridge Financial Solutions,Industrials,Data Processing & Outsourced Services,True,False
BRK-B,Berkshire Hathaway,Financials,Multi-Sector Holdings,True,False
BRO,Brown & Brown,Financials,Insurance Brokers,True,False
BSX,Boston Scientific,Health Care,Health Care Equipment,True,False
BX,Blackstone Inc.,Financials,Asset Management & Custody Banks,True,False
BXP,"BXP, Inc.",Real Estate,Office REITs,True,False
C,Citigroup,Financials,Diversified Banks,True,False
CAH,Cardinal Health,Health Care,Health Care Distributors,True,False
CARR,Carrier Global,Industrials,Building Products,True,False
CASY,Casey's,Consumer Staples,Food Retail,True,False
CAT,Caterpillar Inc.,Industrials,Construction Machinery & Heavy Transportation Equipment,True,False
CB,Chubb Limited,Financials,Property & Casualty Insurance,True,False
CBOE,Cboe Global Markets,Financials,Financial Exchanges & Data,True,False
CBRE,CBRE Group,Real Estate,Real Estate Services,True,False
CCEP,Coca-Cola Europacific Partners,,,False,True
CCI,Crown Castle,Real Estate,Telecom Tower REITs,True,False
CCL,Carnival Corporation,Consumer Discretionary,"Hotels, Resorts & Cruise Lines",True,False
CDNS,Cadence Design Systems,Information Technology,Application Software,True,True
CDW,CDW Corporation,Information Technology,Technology Distributors,True,False
CEG,Constellation Energy,Utilities,Electric Utilities,True,True
CF,CF Industries,Materials,Fertilizers & Agricultural Chemicals,True,False
CFG,Citizens Financial Group,Financials,Regional Banks,True,False
CHD,Church & Dwight,Consumer Staples,Household Products,True,False
CHRW,C.H. Robinson,Industrials,Air Freight & Logistics,True,False
CHTR,Charter Communications,Communication Services,Cable & Satellite,True,False
CI,Cigna,Health Care,Health Care Services,True,False
CIEN,Ciena,Information Technology,Communications Equipment,True,False
CINF,Cincinnati Financial,Financials,Property & Casualty Insurance,True,False
CL,Colgate-Palmolive,Consumer Staples,Household Products,True,False
CLX,Clorox,Consumer Staples,Household Products,True,False
CMCSA,Comcast,Communication Services,Cable & Satellite,True,True
CME,CME Group,Financials,Financial Exchanges & Data,True,False
CMG,Chipotle Mexican Grill,Consumer Discretionary,Restaurants,True,False
CMI,Cummins,Industrials,Construction Machinery & Heavy Transportation Equipment,True,False
CMS,CMS Energy,Utilities,Multi-Utilities,True,False
CNC,Centene Corporation,Health Care,Managed Health Care,True,False
CNP,CenterPoint Energy,Utilities,Multi-Utilities,True,False
COF,Capital One,Financials,Consumer Finance,True,False
COHR,Coherent Corp.,Information Technology,Electronic Components,True,False
COIN,Coinbase,Financials,Financial Exchanges & Data,True,False
COO,Cooper Companies (The),Health Care,Health Care Supplies,True,False
COP,ConocoPhillips,Energy,Oil & Gas Exploration & Production,True,False
COR,Cencora,Health Care,Health Care Distributors,True,False
COST,Costco,Consumer Staples,Consumer Staples Merchandise Retail,True,True
CPAY,Corpay,Financials,Transaction & Payment Processing Services,True,False
CPRT,Copart,Industrials,Diversified Support Services,True,True
CPT,Camden Property Trust,Real Estate,Multi-Family Residential REITs,True,False
CRH,CRH plc,Materials,Construction Materials,True,False
CRL,Charles River Laboratories,Health Care,Life Sciences Tools & Services,True,False
CRM,Salesforce,Information Technology,Application Software,True,False
CRWD,CrowdStrike,Information Technology,Systems Software,True,True
CRWV,CoreWeave,,,False,True
CSCO,Cisco,Information Technology,Communications Equipment,True,True
CSGP,CoStar Group,Real Estate,Real Estate Services,True,False
CSX,CSX Corporation,Industrials,Rail Transportation,True,True
CTAS,Cintas,Industrials,Diversified Support Services,True,True
CTSH,Cognizant,Information Technology,IT Consulting & Other Services,True,False
CTVA,Corteva,Materials,Fertilizers & Agricultural Chemicals,True,False
CVNA,Carvana,Consumer Discretionary,Automotive Retail,True,False
CVS,CVS Health,Health Care,Health Care Services,True,False
CVX,Chevron Corporation,Energy,Integrated Oil & Gas,True,False
D,Dominion Energy,Utilities,Multi-Utilities,True,False
DAL,Delta Air Lines,Industrials,Passenger Airlines,True,False
DASH,DoorDash,Consumer Discretionary,Specialized Consumer Services,True,True
DD,DuPont,Industrials,Industrial Conglomerates,True,False
DDOG,Datadog,Information Technology,Application Software,True,True
DE,Deere & Company,Industrials,Agricultural & Farm Machinery,True,False
DECK,Deckers Brands,Consumer Discretionary,Footwear,True,False
DELL,Dell Technologies,Information Technology,"Technology Hardware, Storage & Peripherals",True,False
DG,Dollar General,Consumer Staples,Consumer Staples Merchandise Retail,True,False
DGX,Quest Diagnostics,Health Care,Health Care Services,True,False
DHI,D. R. Horton,Consumer Discretionary,Homebuilding,True,False
DHR,Danaher Corporation,Health Care,Life Sciences Tools & Services,True,False
DIS,Walt Disney Company (The),Communication Services,Movies & Entertainment,True,False
DLR,Digital Realty,Real Estate,Data Center REITs,True,False
DLTR,Dollar Tree,Consumer Staples,Consumer Staples Merchandise Retail,True,False
DOC,Healthpeak Properties,Real Estate,Health Care REITs,True,False
DOV,Dover Corporation,Industrials,Industrial Machinery & Supplies & Components,True,False
DOW,Dow Inc.,Materials,Commodity Chemicals,True,False
DPZ,Domino's,Consumer Discretionary,Restaurants,True,False
DRI,Darden Restaurants,Consumer Discretionary,Restaurants,True,False
DTE,DTE Energy,Utilities,Multi-Utilities,True,False
DUK,Duke Energy,Utilities,Electric Utilities,True,False
DVA,DaVita,Health Care,Health Care Services,True,False
DVN,Devon Energy,Energy,Oil & Gas Exploration & Production,True,False
DXCM,Dexcom,Health Care,Health Care Equipment,True,True
EBAY,eBay Inc.,Consumer Discretionary,Broadline Retail,True,False
ECHO,EchoStar,Communication Services,Wireless Telecommunication Services,True,False
ECL,Ecolab,Materials,Specialty Chemicals,True,False
ED,Consolidated Edison,Utilities,Multi-Utilities,True,False
EFX,Equifax,Industrials,Research & Consulting Services,True,False
EG,Everest Group,Financials,Reinsurance,True,False
EIX,Edison International,Utilities,Electric Utilities,True,False
EL,Estée Lauder Companies (The),Consumer Staples,Personal Care Products,True,False
ELV,Elevance Health,Health Care,Managed Health Care,True,False
EME,Emcor,Industrials,Construction & Engineering,True,False
EMR,Emerson Electric,Industrials,Electrical Components & Equipment,True,False
EOG,EOG Resources,Energy,Oil & Gas Exploration & Production,True,False
EQIX,Equinix,Real Estate,Data Center REITs,True,False
EQT,EQT Corporation,Energy,Oil & Gas Exploration & Production,True,False
ERIE,Erie Indemnity,Financials,Insurance Brokers,True,False
ES,Eversource Energy,Utilities,Electric Utilities,True,False
ESS,Essex Property Trust,Real Estate,Multi-Family Residential REITs,True,False
ETN,Eaton Corporation,Industrials,Electrical Components & Equipment,True,False
ETR,Entergy,Utilities,Electric Utilities,True,False
EVRG,Evergy,Utilities,Electric Utilities,True,False
EW,Edwards Lifesciences,Health Care,Health Care Equipment,True,False
EXC,Exelon,Utilities,Electric Utilities,True,True
EXE,Expand Energy,Energy,Oil & Gas Exploration & Production,True,False
EXPD,Expeditors International,Industrials,Air Freight & Logistics,True,False
EXPE,Expedia Group,Consumer Discretionary,"Hotels, Resorts & Cruise Lines",True,False
EXR,Extra Space Storage,Real Estate,Self-Storage REITs,True,False
F,Ford Motor Company,Consumer Discretionary,Automobile Manufacturers,True,False
FANG,Diamondback Energy,Energy,Oil & Gas Exploration & Production,True,True
FAST,Fastenal,Industrials,Trading Companies & Distributors,True,True
FCX,Freeport-McMoRan,Materials,Copper,True,False
FDS,FactSet,Financials,Financial Exchanges & Data,True,False
FDX,FedEx,Industrials,Air Freight & Logistics,True,False
FDXF,FedEx Freight,Industrials,Cargo Ground Transportation,True,False
FE,FirstEnergy,Utilities,Electric Utilities,True,False
FER,Ferrovial,,,False,True
FERG,Ferguson Enterprises,Industrials,Trading Companies & Distributors,True,False
FFIV,"F5, Inc.",Information Technology,Communications Equipment,True,False
FICO,Fair Isaac,Information Technology,Application Software,True,False
FIS,Fidelity National Information Services,Financials,Transaction & Payment Processing Services,True,False
FISV,Fiserv,Financials,Transaction & Payment Processing Services,True,False
FITB,Fifth Third Bancorp,Financials,Regional Banks,True,False
FIX,Comfort Systems USA,Industrials,Construction & Engineering,True,False
FLEX,Flex Ltd.,Information Technology,Electronic Manufacturing Services,True,False
FOX,Fox Corporation (Class B),Communication Services,Broadcasting,True,False
FOXA,Fox Corporation (Class A),Communication Services,Broadcasting,True,False
FRT,Federal Realty Investment Trust,Real Estate,Retail REITs,True,False
FSLR,First Solar,Information Technology,Semiconductors,True,False
FTNT,Fortinet,Information Technology,Systems Software,True,True
FTV,Fortive,Industrials,Industrial Machinery & Supplies & Components,True,False
GD,General Dynamics,Industrials,Aerospace & Defense,True,False
GDDY,GoDaddy,Information Technology,Internet Services & Infrastructure,True,False
GE,GE Aerospace,Industrials,Aerospace & Defense,True,False
GEHC,GE HealthCare,Health Care,Health Care Equipment,True,True
GEN,Gen Digital,Information Technology,Systems Software,True,False
GEV,GE Vernova,Industrials,Heavy Electrical Equipment,True,False
GILD,Gilead Sciences,Health Care,Biotechnology,True,True
GIS,General Mills,Consumer Staples,Packaged Foods & Meats,True,False
GL,Globe Life,Financials,Life & Health Insurance,True,False
GLW,Corning Inc.,Information Technology,Electronic Components,True,False
GM,General Motors,Consumer Discretionary,Automobile Manufacturers,True,False
GNRC,Generac,Industrials,Heavy Electrical Equipment,True,False
GOOG,Alphabet Inc. (Class C),Communication Services,Interactive Media & Services,True,True
GOOGL,Alphabet Inc. (Class A),Communication Services,Interactive Media & Services,True,True
GPC,Genuine Parts Company,Consumer Discretionary,Distributors,True,False
GPN,Global Payments,Financials,Transaction & Payment Processing Services,True,False
GRMN,Garmin,Consumer Discretionary,Consumer Electronics,True,False
GS,Goldman Sachs,Financials,Investment Banking & Brokerage,True,False
GWW,W. W. Grainger,Industrials,Industrial Machinery & Supplies & Components,True,False
HAL,Halliburton,Energy,Oil & Gas Equipment & Services,True,False
HAS,Hasbro,Consumer Discretionary,Leisure Products,True,False
HBAN,Huntington Bancshares,Financials,Regional Banks,True,False
HCA,HCA Healthcare,Health Care,Health Care Facilities,True,False
HD,Home Depot (The),Consumer Discretionary,Home Improvement Retail,True,False
HIG,Hartford (The),Financials,Property & Casualty Insurance,True,False
HII,Huntington Ingalls Industries,Industrials,Aerospace & Defense,True,False
HLT,Hilton Worldwide,Consumer Discretionary,"Hotels, Resorts & Cruise Lines",True,False
HON,Honeywell Technologies,Industrials,Industrial Conglomerates,True,True
HONA,Honeywell Aerospace,Industrials,Aerospace & Defense,True,True
HOOD,Robinhood Markets,Financials,Investment Banking & Brokerage,True,False
HPE,Hewlett Packard Enterprise,Information Technology,"Technology Hardware, Storage & Peripherals",True,False
HPQ,HP Inc.,Information Technology,"Technology Hardware, Storage & Peripherals",True,False
HRL,Hormel Foods,Consumer Staples,Packaged Foods & Meats,True,False
HSIC,Henry Schein,Health Care,Health Care Distributors,True,False
HST,Host Hotels & Resorts,Real Estate,Hotel & Resort REITs,True,False
HSY,Hershey Company (The),Consumer Staples,Packaged Foods & Meats,True,False
HUBB,Hubbell Incorporated,Industrials,Industrial Machinery & Supplies & Components,True,False
HUM,Humana,Health Care,Managed Health Care,True,False
HWM,Howmet Aerospace,Industrials,Aerospace & Defense,True,False
IBKR,Interactive Brokers,Financials,Investment Banking & Brokerage,True,False
IBM,IBM,Information Technology,IT Consulting & Other Services,True,False
ICE,Intercontinental Exchange,Financials,Financial Exchanges & Data,True,False
IDXX,Idexx Laboratories,Health Care,Health Care Equipment,True,True
IEX,IDEX Corporation,Industrials,Industrial Machinery & Supplies & Components,True,False
IFF,International Flavors & Fragrances,Materials,Specialty Chemicals,True,False
ILMN,"Illumina, Inc.",Health Care,Life Sciences Tools & Services,True,False
INCY,Incyte,Health Care,Biotechnology,True,False
INTC,Intel,Information Technology,Semiconductors,True,True
INTU,Intuit,Information Technology,Application Software,True,True
INVH,Invitation Homes,Real Estate,Single-Family Residential REITs,True,False
IP,International Paper,Materials,Paper & Plastic Packaging Products & Materials,True,False
IQV,IQVIA,Health Care,Life Sciences Tools & Services,True,False
IR,Ingersoll Rand,Industrials,Industrial Machinery & Supplies & Components,True,False
IRM,Iron Mountain,Real Estate,Other Specialized REITs,True,False
ISRG,Intuitive Surgical,Health Care,Health Care Equipment,True,True
IT,Gartner,Information Technology,IT Consulting & Other Services,True,False
ITW,Illinois Tool Works,Industrials,Industrial Machinery & Supplies & Components,True,False
IVZ,Invesco,Financials,Asset Management & Custody Banks,True,False
J,Jacobs Solutions,Industrials,Construction & Engineering,True,False
JBHT,J.B. Hunt,Industrials,Cargo Ground Transportation,True,False
JBL,Jabil,Information Technology,Electronic Manufacturing Services,True,False
JCI,Johnson Controls,Industrials,Building Products,True,False
JKHY,Jack Henry & Associates,Financials,Transaction & Payment Processing Services,True,False
JNJ,Johnson & Johnson,Health Care,Pharmaceuticals,True,False
JPM,JPMorgan Chase,Financials,Diversified Banks,True,False
KDP,Keurig Dr Pepper,Consumer Staples,Soft Drinks & Non-alcoholic Beverages,True,True
KEY,KeyCorp,Financials,Regional Banks,True,False
KEYS,Keysight Technologies,Information Technology,Electronic Equipment & Instruments,True,False
KHC,Kraft Heinz,Consumer Staples,Packaged Foods & Meats,True,False
KIM,Kimco Realty,Real Estate,Retail REITs,True,False
KKR,KKR & Co.,Financials,Asset Management & Custody Banks,True,False
KLAC,KLA Corporation,Information Technology,Semiconductor Materials & Equipment,True,True
KMB,Kimberly-Clark,Consumer Staples,Household Products,True,False
KMI,Kinder Morgan,Energy,Oil & Gas Storage & Transportation,True,False
KO,Coca-Cola Company (The),Consumer Staples,Soft Drinks & Non-alcoholic Beverages,True,False
KR,Kroger,Consumer Staples,Food Retail,True,False
KVUE,Kenvue,Consumer Staples,Personal Care Products,True,False
L,Loews Corporation,Financials,Multi-line Insurance,True,False
LDOS,Leidos,Industrials,Diversified Support Services,True,False
LEN,Lennar,Consumer Discretionary,Homebuilding,True,False
LH,Labcorp,Health Care,Health Care Services,True,False
LHX,L3Harris,Industrials,Aerospace & Defense,True,False
LII,Lennox International,Industrials,Building Products,True,False
LIN,Linde plc,Materials,Industrial Gases,True,True
LITE,Lumentum,Information Technology,Communications Equipment,True,True
LLY,Lilly (Eli),Health Care,Pharmaceuticals,True,False
LMT,Lockheed Martin,Industrials,Aerospace & Defense,True,False
LNT,Alliant Energy,Utilities,Electric Utilities,True,False
LOW,Lowe's,Consumer Discretionary,Home Improvement Retail,True,False
LRCX,Lam Research,Information Technology,Semiconductor Materials & Equipment,True,True
LULU,Lululemon Athletica,Consumer Discretionary,"Apparel, Accessories & Luxury Goods",True,False
LUV,Southwest Airlines,Industrials,Passenger Airlines,True,False
LVS,Las Vegas Sands,Consumer Discretionary,Casinos & Gaming,True,False
LYB,LyondellBasell,Materials,Specialty Chemicals,True,False
LYV,Live Nation Entertainment,Communication Services,Movies & Entertainment,True,False
MA,Mastercard,Financials,Transaction & Payment Processing Services,True,False
MAA,Mid-America Apartment Communities,Real Estate,Multi-Family Residential REITs,True,False
MAR,Marriott International,Consumer Discretionary,"Hotels, Resorts & Cruise Lines",True,True
MAS,Masco,Industrials,Building Products,True,False
MCD,McDonald's,Consumer Discretionary,Restaurants,True,False
MCHP,Microchip Technology,Information Technology,Semiconductors,True,True
MCK,McKesson Corporation,Health Care,Health Care Distributors,True,False
MCO,Moody's Corporation,Financials,Financial Exchanges & Data,True,False
MDLZ,Mondelez International,Consumer Staples,Packaged Foods & Meats,True,True
MDT,Medtronic,Health Care,Health Care Equipment,True,False
MELI,Mercado Libre,,,False,True
MET,MetLife,Financials,Life & Health Insurance,True,False
META,Meta Platforms,Communication Services,Interactive Media & Services,True,True
MGM,MGM Resorts,Consumer Discretionary,Casinos & Gaming,True,False
MKC,McCormick & Company,Consumer Staples,Packaged Foods & Meats,True,False
MLM,Martin Marietta Materials,Materials,Construction Materials,True,False
MMM,3M,Industrials,Industrial Conglomerates,True,False
MNST,Monster Beverage,Consumer Staples,Soft Drinks & Non-alcoholic Beverages,True,True
MO,Altria,Consumer Staples,Tobacco,True,False
MOS,Mosaic Company (The),Materials,Fertilizers & Agricultural Chemicals,True,False
MPC,Marathon Petroleum,Energy,Oil & Gas Refining & Marketing,True,False
MPWR,Monolithic Power Systems,Information Technology,Semiconductors,True,True
MRK,Merck & Co.,Health Care,Pharmaceuticals,True,False
MRNA,Moderna,Health Care,Biotechnology,True,False
MRSH,Marsh McLennan,Financials,Insurance Brokers,True,False
MRVL,Marvell Technology,Information Technology,Semiconductors,True,True
MS,Morgan Stanley,Financials,Investment Banking & Brokerage,True,False
MSCI,MSCI,Financials,Financial Exchanges & Data,True,False
MSFT,Microsoft,Information Technology,Systems Software,True,True
MSI,Motorola Solutions,Information Technology,Communications Equipment,True,False
MSTR,MicroStrategy,,,False,True
MTB,M&T Bank,Financials,Regional Banks,True,False
MTD,Mettler Toledo,Health Care,Life Sciences Tools & Services,True,False
MU,Micron Technology,Information Technology,Semiconductors,True,True
NBIS,Nebius Group,,,False,True
NCLH,Norwegian Cruise Line Holdings,Consumer Discretionary,"Hotels, Resorts & Cruise Lines",True,False
NDAQ,"Nasdaq, Inc.",Financials,Financial Exchanges & Data,True,False
NDSN,Nordson Corporation,Industrials,Industrial Machinery & Supplies & Components,True,False
NEE,NextEra Energy,Utilities,Multi-Utilities,True,False
NEM,Newmont,Materials,Gold,True,False
NFLX,Netflix,Communication Services,Movies & Entertainment,True,True
NI,NiSource,Utilities,Multi-Utilities,True,False
NKE,"Nike, Inc.",Consumer Discretionary,"Apparel, Accessories & Luxury Goods",True,False
NOC,Northrop Grumman,Industrials,Aerospace & Defense,True,False
NOW,ServiceNow,Information Technology,Systems Software,True,False
NRG,NRG Energy,Utilities,Independent Power Producers & Energy Traders,True,False
NSC,Norfolk Southern,Industrials,Rail Transportation,True,False
NTAP,NetApp,Information Technology,"Technology Hardware, Storage & Peripherals",True,False
NTRS,Northern Trust,Financials,Asset Management & Custody Banks,True,False
NUE,Nucor,Materials,Steel,True,False
NVDA,Nvidia,Information Technology,Semiconductors,True,True
NVR,"NVR, Inc.",Consumer Discretionary,Homebuilding,True,False
NWS,News Corp (Class B),Communication Services,Publishing,True,False
NWSA,News Corp (Class A),Communication Services,Publishing,True,False
NXPI,NXP Semiconductors,Information Technology,Semiconductors,True,True
O,Realty Income,Real Estate,Retail REITs,True,False
ODFL,Old Dominion,Industrials,Cargo Ground Transportation,True,True
OKE,Oneok,Energy,Oil & Gas Storage & Transportation,True,False
OMC,Omnicom Group,Communication Services,Advertising,True,False
ON,ON Semiconductor,Information Technology,Semiconductors,True,False
ORCL,Oracle Corporation,Information Technology,Application Software,True,False
ORLY,O'Reilly Automotive,Consumer Discretionary,Automotive Retail,True,True
OTIS,Otis Worldwide,Industrials,Industrial Machinery & Supplies & Components,True,False
OXY,Occidental Petroleum,Energy,Oil & Gas Exploration & Production,True,False
P,Everpure,Information Technology,"Technology Hardware, Storage & Peripherals",True,False
PANW,Palo Alto Networks,Information Technology,Systems Software,True,True
PAYX,Paychex,Industrials,Human Resource & Employment Services,True,True
PCAR,Paccar,Industrials,Construction Machinery & Heavy Transportation Equipment,True,True
PCG,PG&E Corporation,Utilities,Multi-Utilities,True,False
PDD,PDD Holdings,,,False,True
PEG,Public Service Enterprise Group,Utilities,Electric Utilities,True,False
PEP,PepsiCo,Consumer Staples,Soft Drinks & Non-alcoholic Beverages,True,True
PFE,Pfizer,Health Care,Pharmaceuticals,True,False
PFG,Principal Financial Group,Financials,Life & Health Insurance,True,False
PG,Procter & Gamble,Consumer Staples,Personal Care Products,True,False
PGR,Progressive Corporation,Financials,Property & Casualty Insurance,True,False
PH,Parker Hannifin,Industrials,Industrial Machinery & Supplies & Components,True,False
PHM,PulteGroup,Consumer Discretionary,Homebuilding,True,False
PKG,Packaging Corporation of America,Materials,Paper & Plastic Packaging Products & Materials,True,False
PLD,Prologis,Real Estate,Industrial REITs,True,False
PLTR,Palantir Technologies,Information Technology,Application Software,True,True
PM,Philip Morris International,Consumer Staples,Tobacco,True,False
PNC,PNC Financial Services,Financials,Diversified Banks,True,False
PNR,Pentair,Industrials,Industrial Machinery & Supplies & Components,True,False
PNW,Pinnacle West Capital,Utilities,Multi-Utilities,True,False
PODD,Insulet Corporation,Health Care,Health Care Equipment,True,False
PPG,PPG Industries,Materials,Specialty Chemicals,True,False
PPL,PPL Corporation,Utilities,Electric Utilities,True,False
PRU,Prudential Financial,Financials,Life & Health Insurance,True,False
PSA,Public Storage,Real Estate,Self-Storage REITs,True,False
PSKY,Paramount Skydance Corporation,Communication Services,Movies & Entertainment,True,False
PSX,Phillips 66,Energy,Oil & Gas Refining & Marketing,True,False
PTC,PTC Inc.,Information Technology,Application Software,True,False
PWR,Quanta Services,Industrials,Construction & Engineering,True,False
PYPL,PayPal,Financials,Transaction & Payment Processing Services,True,True
Q,Qnity Electronics,Information Technology,Semiconductor Materials & Equipment,True,False
QCOM,Qualcomm,Information Technology,Semiconductors,True,True
RCL,Royal Caribbean Group,Consumer Discretionary,"Hotels, Resorts & Cruise Lines",True,False
RDDT,Reddit,Communication Services,Interactive Media & Services,True,False
REG,Regency Centers,Real Estate,Retail REITs,True,False
REGN,Regeneron Pharmaceuticals,Health Care,Biotechnology,True,True
RF,Regions Financial Corporation,Financials,Regional Banks,True,False
RJF,Raymond James Financial,Financials,Investment Banking & Brokerage,True,False
RKLB,Rocket Lab,,,False,True
RL,Ralph Lauren Corporation,Consumer Discretionary,"Apparel, Accessories & Luxury Goods",True,False
RMD,ResMed|,Health Care,Health Care Equipment,True,False
ROK,Rockwell Automation,Industrials,Electrical Components & Equipment,True,False
ROL,"Rollins, Inc.",Industrials,Environmental & Facilities Services,True,False
ROP,Roper Technologies,Information Technology,Electronic Equipment & Instruments,True,True
ROST,Ross Stores,Consumer Discretionary,Apparel Retail,True,True
RSG,Republic Services,Industrials,Environmental & Facilities Services,True,False
RTX,RTX Corporation,Industrials,Aerospace & Defense,True,False
RVTY,Revvity,Health Care,Health Care Equipment,True,False
SBAC,SBA Communications,Real Estate,Telecom Tower REITs,True,False
SBUX,Starbucks,Consumer Discretionary,Restaurants,True,True
SCHW,Charles Schwab Corporation,Financials,Investment Banking & Brokerage,True,False
SHOP,Shopify,,,False,True
SHW,Sherwin-Williams,Materials,Specialty Chemicals,True,False
SJM,J.M. Smucker Company (The),Consumer Staples,Packaged Foods & Meats,True,False
SLB,Schlumberger,Energy,Oil & Gas Equipment & Services,True,False
SMCI,Supermicro,Information Technology,"Technology Hardware, Storage & Peripherals",True,False
SNA,Snap-on,Industrials,Industrial Machinery & Supplies & Components,True,False
SNDK,Sandisk,Information Technology,"Technology Hardware, Storage & Peripherals",True,True
SNPS,Synopsys,Information Technology,Application Software,True,True
SO,Southern Company,Utilities,Electric Utilities,True,False
SOLV,Solventum,Health Care,Health Care Technology,True,False
SPCX,SpaceX,,,False,True
SPG,Simon Property Group,Real Estate,Retail REITs,True,False
SPGI,S&P Global,Financials,Financial Exchanges & Data,True,False
SRE,Sempra,Utilities,Multi-Utilities,True,False
STE,Steris,Health Care,Health Care Equipment,True,False
STLD,Steel Dynamics,Materials,Steel,True,False
STT,State Street Corporation,Financials,Asset Management & Custody Banks,True,False
STX,Seagate Technology,Information Technology,"Technology Hardware, Storage & Peripherals",True,True
STZ,Constellation Brands,Consumer Staples,Distillers & Vintners,True,False
SW,Smurfit Westrock,Materials,Paper & Plastic Packaging Products & Materials,True,False
SWK,Stanley Black & Decker,Industrials,Industrial Machinery & Supplies & Components,True,False
SWKS,Skyworks Solutions,Information Technology,Semiconductors,True,False
SYF,Synchrony Financial,Financials,Consumer Finance,True,False
SYK,Stryker Corporation,Health Care,Health Care Equipment,True,False
SYY,Sysco,Consumer Staples,Food Distributors,True,False
T,AT&T,Communication Services,Integrated Telecommunication Services,True,False
TDG,TransDigm Group,Industrials,Aerospace & Defense,True,False
TDY,Teledyne Technologies,Information Technology,Electronic Equipment & Instruments,True,False
TECH,Bio-Techne,Health Care,Life Sciences Tools & Services,True,False
TEL,TE Connectivity,Information Technology,Electronic Manufacturing Services,True,False
TER,Teradyne,Information Technology,Semiconductor Materials & Equipment,True,True
TFC,Truist Financial,Financials,Diversified Banks,True,False
TGT,Target Corporation,Consumer Staples,Consumer Staples Merchandise Retail,True,False
TJX,TJX Companies,Consumer Discretionary,Apparel Retail,True,False
TKO,TKO Group Holdings,Communication Services,Movies & Entertainment,True,False
TMO,Thermo Fisher Scientific,Health Care,Life Sciences Tools & Services,True,False
TMUS,T-Mobile US,Communication Services,Wireless Telecommunication Services,True,True
TPL,Texas Pacific Land Corporation,Energy,Oil & Gas Exploration & Production,True,False
TPR,"Tapestry, Inc.",Consumer Discretionary,"Apparel, Accessories & Luxury Goods",True,False
TRGP,Targa Resources,Energy,Oil & Gas Storage & Transportation,True,False
TRI,Thomson Reuters,,,False,True
TRMB,Trimble Inc.,Information Technology,Application Software,True,False
TROW,T. Rowe Price,Financials,Asset Management & Custody Banks,True,False
TRV,Travelers Companies (The),Financials,Property & Casualty Insurance,True,False
TSCO,Tractor Supply,Consumer Discretionary,Other Specialty Retail,True,False
TSLA,"Tesla, Inc.",Consumer Discretionary,Automobile Manufacturers,True,True
TSN,Tyson Foods,Consumer Staples,Packaged Foods & Meats,True,False
TT,Trane Technologies,Industrials,Building Products,True,False
TTWO,Take-Two Interactive,Communication Services,Interactive Home Entertainment,True,True
TXN,Texas Instruments,Information Technology,Semiconductors,True,True
TXT,Textron,Industrials,Aerospace & Defense,True,False
TYL,Tyler Technologies,Information Technology,Application Software,True,False
UAL,United Airlines Holdings,Industrials,Passenger Airlines,True,False
UBER,Uber,Industrials,Passenger Ground Transportation,True,False
UDR,"UDR, Inc.",Real Estate,Multi-Family Residential REITs,True,False
UHS,Universal Health Services,Health Care,Health Care Facilities,True,False
ULTA,Ulta Beauty,Consumer Discretionary,Other Specialty Retail,True,False
UNH,UnitedHealth Group,Health Care,Managed Health Care,True,False
UNP,Union Pacific Corporation,Industrials,Rail Transportation,True,False
UPS,United Parcel Service,Industrials,Air Freight & Logistics,True,False
URI,United Rentals,Industrials,Trading Companies & Distributors,True,False
USB,U.S. Bancorp,Financials,Diversified Banks,True,False
V,Visa Inc.,Financials,Transaction & Payment Processing Services,True,False
VEEV,Veeva Systems,Health Care,Health Care Technology,True,False
VICI,Vici Properties,Real Estate,Hotel & Resort REITs,True,False
VLO,Valero Energy,Energy,Oil & Gas Refining & Marketing,True,False
VLTO,Veralto,Industrials,Environmental & Facilities Services,True,False
VMC,Vulcan Materials Company,Materials,Construction Materials,True,False
VMRK,Vivmark Residential,Real Estate,Multi-Family Residential REITs,True,False
VRSK,Verisk Analytics,Industrials,Research & Consulting Services,True,False
VRSN,Verisign,Information Technology,Internet Services & Infrastructure,True,False
VRT,Vertiv,Industrials,Electrical Components & Equipment,True,False
VRTX,Vertex Pharmaceuticals,Health Care,Biotechnology,True,True
VST,Vistra Corp.,Utilities,Electric Utilities,True,False
VTR,Ventas,Real Estate,Health Care REITs,True,False
VTRS,Viatris,Health Care,Pharmaceuticals,True,False
VZ,Verizon,Communication Services,Integrated Telecommunication Services,True,False
WAB,Wabtec,Industrials,Construction Machinery & Heavy Transportation Equipment,True,False
WAT,Waters Corporation,Health Care,Life Sciences Tools & Services,True,False
WBD,Warner Bros. Discovery,Communication Services,Broadcasting,True,True
WDAY,"Workday, Inc.",Information Technology,Application Software,True,True
WDC,Western Digital,Information Technology,"Technology Hardware, Storage & Peripherals",True,True
WEC,WEC Energy Group,Utilities,Electric Utilities,True,False
WELL,Welltower,Real Estate,Health Care REITs,True,False
WFC,Wells Fargo,Financials,Diversified Banks,True,False
WM,Waste Management,Industrials,Environmental & Facilities Services,True,False
WMB,Williams Companies,Energy,Oil & Gas Storage & Transportation,True,False
WMT,Walmart,Consumer Staples,Consumer Staples Merchandise Retail,True,True
WRB,W. R. Berkley Corporation,Financials,Property & Casualty Insurance,True,False
WSM,"Williams-Sonoma, Inc.",Consumer Discretionary,Homefurnishing Retail,True,False
WST,West Pharmaceutical Services,Health Care,Health Care Supplies,True,False
WTW,Willis Towers Watson,Financials,Insurance Brokers,True,False
WY,Weyerhaeuser,Real Estate,Timber REITs,True,False
WYNN,Wynn Resorts,Consumer Discretionary,Casinos & Gaming,True,False
XEL,Xcel Energy,Utilities,Multi-Utilities,True,True
XOM,ExxonMobil,Energy,Integrated Oil & Gas,True,False
XYL,Xylem Inc.,Industrials,Industrial Machinery & Supplies & Components,True,False
XYZ,"Block, Inc.",Financials,Transaction & Payment Processing Services,True,False
YUM,Yum! Brands,Consumer Discretionary,Restaurants,True,False
ZBH,Zimmer Biomet,Health Care,Health Care Equipment,True,False
ZBRA,Zebra Technologies,Information Technology,Electronic Equipment & Instruments,True,False
ZTS,Zoetis,Health Care,Pharmaceuticals,True,False
